0,1,2,3,4,5,6,7
Arboleda,Aresti,Ballduzzi,Baron Philippe,Bisquertt,Volcanes,Bouchon,Calcu
Caliterra,Canepa,Carmen,Casa Marin,Casa Rivas,Casa Silva,Casa Blanca,Casas del Bosque
Centenaria,Chocalan,Concha y Toro,ConoSur,Cousiño-Macul,Cremaschi,Darwin,De Martino
Porta,Echeverria,Emiliana,Estampa,Falernia,Errazuriz,Fray Leon,Garcés
Haras de Pirque,Indomita,Invina,La Playa,La Ronciere,Viña La Rosa,Leyda,Loncomilla
Los Boldos,Los Nogales,Los Vascos,Lourdes,LFE,Maipo,Maola,Maquis
Matetic,Maycas,Mayu,Miguel Torres,Misiones de Rengo,Montes,Mont Grass,Morandé
Nativa,Ochagavia,Odfjell,Palo Alto,Perez Cruz,Quinta Maipo,Requingua,San Esteban
San Pedro,Santa Alicia,Santa Carolina,Santa Cruz,Santa Ema,Santa Helena,Santa Loma,Santa Rita
Siegel,Tierra Andina,Sutil,Tarapaca,Terra Noble,WTDF,Tunquelen,Undurraga
Valdivieso,Ventisquero,Veramonte,VIK,Viñamar,VFC,Vistamar,Viu Manent
